{
    "Gesundheit": 50.0,
    "Ausdauer": 100.0,
    "Essen": 73.03582763671875,
    "Trinken": 32.57627868652344,
    "Level": 1,
    "CollectedObjectNames": [
        "Backpack",
        "StartAxe"
    ],
    "position": {
        "x": 84.95771789550781,
        "y": 2.0264933109283449,
        "z": -25.422229766845704
    },
    "rotation": {
        "x": 0.0,
        "y": 156.1999969482422,
        "z": 0.0
    }
}