{
    "Gesundheit": 50.0,
    "Ausdauer": 100.0,
    "Essen": 75.02073669433594,
    "Trinken": 37.54233932495117,
    "Level": 1,
    "hasBackpack": true,
    "position": {
        "x": 99.81626892089844,
        "y": 1.8799999952316285,
        "z": -34.00634002685547
    }
}