{
    "Gesundheit": 100.0,
    "Ausdauer": 100.0,
    "Essen": 94.58897399902344,
    "Trinken": 82.94437408447266,
    "Level": 1,
    "hasBackpack": true,
    "position": {
        "x": 98.72908020019531,
        "y": 4.997198104858398,
        "z": -39.98387145996094
    }
}