{
    "objectsData": {
        "SzeneObjectList": [
            {
                "id": 640342,
                "name": "StartBox",
                "savePosition": true,
                "saveRotation": true,
                "position": {
                    "x": 92.49040985107422,
                    "y": 0.14649343490600587,
                    "z": -22.11602783203125
                },
                "rotation": {
                    "x": 270.0,
                    "y": 320.4735107421875,
                    "z": 0.0
                }
            }
        ],
        "DestroyedObjectsName": [
            "Backpack",
            "StartAxe",
            "bush03 (26)",
            "bush03 (99)",
            "bush02 (143)",
            "bush02 (144)",
            "bush03 (97)",
            "bush03 (98)",
            "bush03 (7)",
            "bush03 (75)",
            "bush02 (37)",
            "bush02 (7)",
            "bush03 (32)",
            "bush02 (22)",
            "bush03 (27)",
            "bush02 (142)",
            "bush02 (66)",
            "bush03 (61)",
            "bush02 (63)",
            "bush02 (64)",
            "bush03 (74)",
            "bush02 (119)",
            "bush02 (118)",
            "bush03 (83)",
            "bush03 (67)",
            "bush02 (121)",
            "bush03 (82)",
            "bush02 (120)",
            "bush03 (72)",
            "bush03 (69)",
            "bush02 (107)",
            "bush03 (73)",
            "bush02 (97)"
        ],
        "InitPrefabNames": [],
        "InitNames": []
    },
    "lastSave": "2/7/2018 6:06:41 PM",
    "Day": 4
}