{
    "objectsData": {
        "SzeneObjectList": [
            {
                "id": 400038,
                "name": "StartBox",
                "savePosition": true,
                "saveRotation": true,
                "position": {
                    "x": 64.43898010253906,
                    "y": 1.729802131652832,
                    "z": -25.253976821899415
                },
                "rotation": {
                    "x": 87.8947525024414,
                    "y": 83.03729248046875,
                    "z": 168.84024047851563
                }
            }
        ],
        "DestroyedObjectsName": [
            "StartAxe",
            "Backpack",
            "bush03 (26)",
            "bush03 (99)",
            "bush02 (143)",
            "bush03 (97)",
            "bush02 (144)",
            "bush03 (7)",
            "bush03 (75)",
            "bush02 (37)",
            "bush02 (7)",
            "bush02 (38)",
            "bush03 (28)",
            "bush02 (33)",
            "bush02 (8)",
            "bush02 (35)",
            "bush03 (29)",
            "bush03 (9)",
            "bush02 (10)",
            "bush02 (58)",
            "bush03 (10)",
            "bush03 (8)",
            "bush02 (9)",
            "bush02 (22)",
            "bush03 (6)",
            "bush02 (24)",
            "bush03 (27)",
            "bush02 (26)",
            "bush02 (25)",
            "bush03 (21)",
            "bush02 (28)",
            "bush03 (22)",
            "bush03 (20)",
            "bush02 (27)",
            "bush02 (20)",
            "bush02 (56)",
            "bush02 (21)",
            "bush02 (34)",
            "bush03 (30)",
            "bush02 (36)",
            "bush03 (31)",
            "bush02 (42)",
            "bush02 (2)",
            "bush02",
            "bush03 (42)",
            "bush03",
            "bush02 (17)",
            "bush03 (14)",
            "bush02 (15)",
            "bush03 (15)",
            "bush02 (16)",
            "bush03 (56)",
            "bush02 (68)",
            "bush03 (55)",
            "bush02 (66)",
            "bush02 (77)",
            "bush02 (147)",
            "bush02 (79)",
            "bush03 (67)",
            "bush03 (51)",
            "bush02 (61)",
            "bush03 (52)",
            "bush02 (63)",
            "bush02 (64)",
            "bush03 (74)"
        ],
        "InitPrefabNames": [],
        "InitNames": []
    },
    "lastSave": "1/29/2018 8:25:24 PM",
    "Day": 6
}