{
    "Gesundheit": 100.0,
    "Ausdauer": 100.0,
    "Essen": 99.45829772949219,
    "Trinken": 98.64574432373047,
    "Level": 1,
    "hasBackpack": false,
    "position": {
        "x": 91.27709197998047,
        "y": 2.0065410137176515,
        "z": -20.206411361694337
    }
}