{
    "Gesundheit": 100.0,
    "Ausdauer": 100.0,
    "Essen": 99.16445922851563,
    "Trinken": 97.91114807128906,
    "Level": 1,
    "hasBackpack": true
}