{
    "Gesundheit": 50.0,
    "Ausdauer": 97.69927215576172,
    "Essen": 99.74613952636719,
    "Trinken": 46.36422348022461,
    "Level": 1,
    "hasBackpack": true,
    "position": {
        "x": 89.36869049072266,
        "y": 2.0264058113098146,
        "z": -2.121568202972412
    }
}