{
    "Gesundheit": 50.0,
    "Ausdauer": 50.49999237060547,
    "Essen": 99.81210327148438,
    "Trinken": 48.724727630615237,
    "Level": 1,
    "hasBackpack": true,
    "position": {
        "x": 84.73138427734375,
        "y": 2.044698476791382,
        "z": 0.4197896122932434
    }
}