{
    "objectsData": {
        "SzeneObjectList": [
            {
                "id": 545234,
                "name": "StartBox",
                "savePosition": true,
                "saveRotation": true,
                "position": {
                    "x": 92.49040985107422,
                    "y": 0.14649343490600587,
                    "z": -22.11602783203125
                },
                "rotation": {
                    "x": 270.0,
                    "y": 320.4735107421875,
                    "z": 0.0
                }
            }
        ],
        "DestroyedObjectsName": [
            "Backpack",
            "StartAxe",
            "bush03 (26)",
            "bush03 (99)",
            "bush02 (143)",
            "bush03 (97)",
            "bush02 (144)"
        ],
        "InitPrefabNames": [],
        "InitNames": []
    },
    "lastSave": "2/7/2018 5:48:31 PM",
    "Day": 0
}