{
    "SzeneObjectList": [
        {
            "id": -139538,
            "name": "J3nsis",
            "savePosition": true,
            "saveRotation": true,
            "position": {
                "x": 110.74285888671875,
                "y": 3.1001503467559816,
                "z": -29.52374267578125
            },
            "rotation": {
                "x": 0.0,
                "y": 335.29998779296877,
                "z": 0.0
            }
        },
        {
            "id": 45118,
            "name": "StartBox",
            "savePosition": true,
            "saveRotation": true,
            "position": {
                "x": 92.41032409667969,
                "y": 0.14649343490600587,
                "z": -24.43067169189453
            },
            "rotation": {
                "x": 270.0,
                "y": -7.565443524981674e-7,
                "z": 0.0
            }
        }
    ],
    "DestroyedObjectsName": [
        "Backpack",
        "StartAxe",
        "bush03 (26)",
        "bush03 (99)",
        "bush03 (97)",
        "bush03 (98)",
        "bush03 (21)",
        "bush03 (7)",
        "bush03 (32)",
        "bush03 (29)",
        "bush03 (9)",
        "bush03 (8)",
        "bush03 (6)",
        "bush03 (33)",
        "bush03 (23)",
        "bush03 (24)"
    ],
    "InitPrefabNames": [],
    "InitNames": []
}