{
    "SzeneObjectList": [
        {
            "id": -309046,
            "name": "J3nsis",
            "savePosition": true,
            "saveRotation": true,
            "position": {
                "x": 78.50202178955078,
                "y": 2.1287953853607179,
                "z": 9.480710983276368
            },
            "rotation": {
                "x": 0.0,
                "y": 161.10000610351563,
                "z": 0.0
            }
        },
        {
            "id": 79698,
            "name": "StartBox",
            "savePosition": true,
            "saveRotation": true,
            "position": {
                "x": 92.41032409667969,
                "y": 0.14649343490600587,
                "z": -24.43067169189453
            },
            "rotation": {
                "x": 270.0,
                "y": -7.565443524981674e-7,
                "z": 0.0
            }
        }
    ],
    "DestroyedObjectsName": [
        "Backpack",
        "StartAxe",
        "bush03 (26)",
        "bush03 (99)",
        "bush03 (97)",
        "bush03 (98)",
        "bush03 (21)",
        "bush03 (7)",
        "bush03 (32)",
        "bush03 (29)",
        "bush03 (9)",
        "bush03 (8)",
        "bush03 (6)",
        "bush03 (33)",
        "bush03 (23)",
        "bush03 (24)"
    ],
    "InitPrefabNames": [],
    "InitNames": []
}