{
    "SzeneObjectList": [
        {
            "id": -2399578,
            "name": "J3nsis",
            "savePosition": true,
            "saveRotation": true,
            "position": {
                "x": 77.50367736816406,
                "y": 2.233884334564209,
                "z": -11.12896728515625
            },
            "rotation": {
                "x": 0.0,
                "y": 132.9000244140625,
                "z": 0.0
            }
        },
        {
            "id": 299516,
            "name": "StartBox",
            "savePosition": true,
            "saveRotation": true,
            "position": {
                "x": 92.41032409667969,
                "y": 0.14649343490600587,
                "z": -24.43067169189453
            },
            "rotation": {
                "x": 270.0,
                "y": -0.000001532239707557892,
                "z": 0.0
            }
        }
    ],
    "DestroyedObjectsName": [
        "Backpack",
        "StartAxe",
        "bush03 (26)",
        "bush03 (99)",
        "bush03 (97)",
        "bush03 (98)",
        "bush03 (21)",
        "bush03 (7)",
        "bush03 (32)",
        "bush03 (29)",
        "bush03 (9)",
        "bush03 (8)",
        "bush03 (6)",
        "bush03 (33)",
        "bush03 (23)",
        "bush03 (24)"
    ],
    "InitPrefabNames": [],
    "InitNames": []
}