{
    "Gesundheit": 50.0,
    "Ausdauer": 89.70015716552735,
    "Essen": 92.62005615234375,
    "Trinken": 24.622394561767579,
    "Level": 1,
    "hasBackpack": true
}