{
    "Gesundheit": 0.0,
    "Ausdauer": 97.39988708496094,
    "Essen": 76.36698913574219,
    "Trinken": 0.0,
    "Level": 1,
    "hasBackpack": true
}