{
    "Gesundheit": 100.0,
    "Ausdauer": 100.0,
    "Essen": 70.90599060058594,
    "Trinken": 89.13587951660156,
    "Level": 1,
    "hasBackpack": true
}