{
    "Gesundheit": 50.0,
    "Ausdauer": 83.9002456665039,
    "Essen": 85.30207824707031,
    "Trinken": 6.318619728088379,
    "Level": 1,
    "hasBackpack": true
}