{
    "Gesundheit": 50.0,
    "Ausdauer": 81.30028533935547,
    "Essen": 99.40032958984375,
    "Trinken": 41.58320236206055,
    "Level": 1,
    "hasBackpack": true
}