{
    "Gesundheit": 100.0,
    "Ausdauer": 92.70011138916016,
    "Essen": 99.47428894042969,
    "Trinken": 56.88826370239258,
    "Level": 1,
    "hasBackpack": true,
    "position": {
        "x": 80.04205322265625,
        "y": 4.795650005340576,
        "z": -16.98835563659668
    }
}