{
    "Gesundheit": 50.0,
    "Ausdauer": 95.00007629394531,
    "Essen": 46.5618896484375,
    "Trinken": 41.398162841796878,
    "Level": 1,
    "CollectedObjectNames": [
        "Backpack",
        "StartAxe"
    ],
    "position": {
        "x": 108.98786163330078,
        "y": 2.026493549346924,
        "z": -16.635244369506837
    },
    "rotation": {
        "x": 0.0,
        "y": 71.90000915527344,
        "z": 0.0
    }
}