{
    "Gesundheit": 84.7992935180664,
    "Ausdauer": 100.0,
    "Essen": 92.228271484375,
    "Trinken": 97.79121398925781,
    "Level": 1,
    "hasBackpack": true
}