{
    "Gesundheit": 50.0,
    "Ausdauer": 100.0,
    "Essen": 45.41851806640625,
    "Trinken": 38.53755187988281,
    "Level": 1,
    "hasBackpack": true
}