{
    "SzeneObjectList": [
        {
            "id": -400928,
            "name": "J3nsis",
            "savePosition": true,
            "saveRotation": true,
            "position": {
                "x": 92.33303833007813,
                "y": 3.530766487121582,
                "z": -24.46769905090332
            },
            "rotation": {
                "x": 0.0,
                "y": 355.70001220703127,
                "z": 0.0
            }
        },
        {
            "id": 204390,
            "name": "StartBox",
            "savePosition": true,
            "saveRotation": true,
            "position": {
                "x": 92.41032409667969,
                "y": 0.14649343490600587,
                "z": -24.43067169189453
            },
            "rotation": {
                "x": 270.0,
                "y": -0.000004697110398410587,
                "z": 0.0
            }
        }
    ],
    "DestroyedObjectsName": [
        "StartAxe",
        "Backpack",
        "bush03 (60)",
        "bush02 (148)",
        "bush03 (27)",
        "bush03 (22)",
        "bush03 (21)"
    ],
    "InitPrefabNames": [],
    "InitNames": []
}