{
    "Gesundheit": 50.0,
    "Ausdauer": 100.0,
    "Essen": 72.32821655273438,
    "Trinken": 30.80635643005371,
    "Level": 1,
    "hasBackpack": true
}