{
    "Gesundheit": 50.0,
    "Ausdauer": 52.99995422363281,
    "Essen": 48.45684814453125,
    "Trinken": 46.13917541503906,
    "Level": 1,
    "hasBackpack": true,
    "position": {
        "x": 84.96625518798828,
        "y": 2.012578010559082,
        "z": -30.284299850463868
    }
}