{
    "Gesundheit": 50.0,
    "Ausdauer": 58.699867248535159,
    "Essen": 49.82609558105469,
    "Trinken": 49.56490707397461,
    "Level": 1,
    "hasBackpack": false
}