{
    "SzeneObjectList": [
        {
            "id": 94156,
            "name": "StartBox",
            "savePosition": true,
            "saveRotation": true,
            "position": {
                "x": 92.49040985107422,
                "y": 0.14649343490600587,
                "z": -22.11602783203125
            },
            "rotation": {
                "x": 270.0,
                "y": 320.4735107421875,
                "z": 0.0
            }
        }
    ],
    "DestroyedObjectsName": [
        "Backpack",
        "StartAxe",
        "bush03 (26)",
        "bush03 (99)",
        "bush02 (143)",
        "bush02 (144)",
        "bush03 (97)",
        "bush03 (7)",
        "bush03 (75)",
        "bush02 (37)",
        "bush03 (33)",
        "bush03 (17)",
        "bush03 (18)",
        "bush02 (24)",
        "bush02 (142)",
        "bush03 (27)"
    ],
    "InitPrefabNames": [],
    "InitNames": []
}