{
    "Gesundheit": 50.0,
    "Ausdauer": 100.0,
    "Essen": 97.59132385253906,
    "Trinken": 38.632572174072269,
    "Level": 1,
    "hasBackpack": true
}