{
    "Gesundheit": 50.0,
    "Ausdauer": 100.0,
    "Essen": 60.48448181152344,
    "Trinken": 38.70258712768555,
    "Level": 1,
    "CollectedObjectNames": [],
    "position": {
        "x": 71.03807067871094,
        "y": 2.0847511291503908,
        "z": -5.979250907897949
    },
    "rotation": {
        "x": 0.0,
        "y": 2.0000016689300539,
        "z": 0.0
    }
}