{
    "Gesundheit": 50.0,
    "Ausdauer": 100.0,
    "Essen": 49.6644287109375,
    "Trinken": 11.638741493225098,
    "Level": 1,
    "hasBackpack": true
}