{
    "Gesundheit": 50.0,
    "Ausdauer": 100.0,
    "Essen": 93.83338928222656,
    "Trinken": 25.062320709228517,
    "Level": 1,
    "hasBackpack": true
}