{
    "Gesundheit": 50.0,
    "Ausdauer": 100.0,
    "Essen": 86.27754211425781,
    "Trinken": 10.683719635009766,
    "Level": 1,
    "hasBackpack": true,
    "position": {
        "x": 104.0257568359375,
        "y": 3.5234081745147707,
        "z": -12.464115142822266
    }
}